episode_reward_max,episode_reward_min,episode_reward_mean,episode_len_mean,episodes_this_iter,num_metric_batches_dropped,timesteps_this_iter,done,timesteps_total,episodes_total,training_iteration,experiment_id,date,timestamp,time_this_iter_s,time_total_s,pid,hostname,node_ip,time_since_restore,timesteps_since_restore,iterations_since_restore,num_healthy_workers,trial_id,sampler_perf/mean_env_wait_ms,sampler_perf/mean_processing_ms,sampler_perf/mean_inference_ms,info/num_steps_trained,info/num_steps_sampled,info/num_weight_syncs,info/num_steps_replayed,info/timing_breakdown/optimizer_step_time_ms,info/timing_breakdown/learner_grad_time_ms,info/timing_breakdown/learner_load_time_ms,info/timing_breakdown/learner_load_wait_time_ms,info/timing_breakdown/learner_dequeue_time_ms,info/learner_queue/size_count,info/learner_queue/size_mean,info/learner_queue/size_std,info/learner_queue/size_quantiles
252.24963496615683,3.4296626027664514,19.391112678810476,23.392149814888032,27821,0,0,False,0,27821,1,edbfd2cff7a64968a552aac4a51ff57b,2019-09-13_22-38-58,1568439538,43.07197093963623,43.07197093963623,31557,jimmy-desktop,10.142.16.225,43.07197093963623,0,1,10,d6d2e6ec,14.21334780425357,3.0228741230024747,0.8676491033416727,0,0,0,0,10000.691,nan,nan,nan,nan,0,nan,nan,[]
249.78106204056894,3.603210668904638,19.662959175713066,23.548553978803664,27835,0,655360,False,655360,55656,2,edbfd2cff7a64968a552aac4a51ff57b,2019-09-13_22-39-36,1568439576,37.68904161453247,80.7610125541687,31557,jimmy-desktop,10.142.16.225,80.7610125541687,655360,2,10,d6d2e6ec,14.220274508233093,3.0583401316511827,0.8520553098354933,655360,655360,10,0,6723.056,140.572,nan,nan,4348.381,10,4.5,2.8722813232690143,"[0.0, 0.9, 4.5, 8.1, 9.0]"
290.2878750395858,3.8654800698171514,27.439742760504398,27.031856356791195,24171,0,655360,False,1310720,79827,3,edbfd2cff7a64968a552aac4a51ff57b,2019-09-13_22-40-14,1568439614,37.983885765075684,118.74489831924438,31557,jimmy-desktop,10.142.16.225,118.74489831924438,1310720,3,10,d6d2e6ec,14.285627832348132,3.053303722036041,0.8534539272189977,1310720,1310720,20,0,6101.459,68.823,nan,nan,3629.943,20,3.65,2.43464576478797,"[0.0, 0.9000000000000001, 3.5, 7.100000000000001, 9.0]"
312.524138213287,3.23261433686036,31.191862244950354,28.50643534220367,22998,0,655360,False,1966080,102825,4,edbfd2cff7a64968a552aac4a51ff57b,2019-09-13_22-40-51,1568439651,37.2754123210907,156.02031064033508,31557,jimmy-desktop,10.142.16.225,156.02031064033508,1966080,4,10,d6d2e6ec,14.258456495621427,3.024265515604474,0.8454937457887891,1966080,1966080,30,0,5832.386,65.988,nan,nan,3731.247,30,3.3666666666666667,2.213343373471204,"[0.0, 0.9000000000000004, 3.0, 6.100000000000001, 9.0]"
272.32602570163965,3.705179533277937,35.68296733288497,29.92886188148216,21887,0,655360,False,2621440,124712,5,edbfd2cff7a64968a552aac4a51ff57b,2019-09-13_22-41-28,1568439688,37.064818382263184,193.08512902259827,31557,jimmy-desktop,10.142.16.225,193.08512902259827,2621440,5,10,d6d2e6ec,14.238432226636483,3.0003262126437473,0.8398374684268144,2621440,2621440,40,0,5681.163,62.671,nan,nan,3663.138,40,3.225,2.1034198344600634,"[0.0, 0.9000000000000004, 3.0, 5.100000000000001, 9.0]"
273.24236600446983,4.074568878372689,38.313889446692315,30.886300400848857,21205,0,655360,False,3276800,145917,6,edbfd2cff7a64968a552aac4a51ff57b,2019-09-13_22-42-06,1568439726,37.0171582698822,230.10228729248047,31557,jimmy-desktop,10.142.16.225,230.10228729248047,3276800,6,10,d6d2e6ec,14.223140707679685,2.9823601237521147,0.8362884814857124,3276800,3276800,50,0,5143.849,63.938,nan,nan,3644.143,50,3.16,2.0135540717845153,"[0.0, 0.9000000000000004, 3.0, 5.0, 9.0]"
326.9556568723992,3.924895107875528,42.0040047429212,32.55888054878958,20117,0,655360,False,3932160,166034,7,edbfd2cff7a64968a552aac4a51ff57b,2019-09-13_22-42-43,1568439763,36.95362949371338,267.05591678619385,31557,jimmy-desktop,10.142.16.225,267.05591678619385,3932160,7,10,d6d2e6ec,14.211314065525455,2.963127599143069,0.8331590034070615,3932160,3932160,60,0,5158.758,64.212,nan,nan,3639.361,60,2.84,1.5666524822052912,"[0.0, 0.9000000000000004, 3.0, 5.0, 5.0]"
318.3174802380037,4.30911116318949,46.64069642391197,34.86932423790237,18764,0,655360,False,4587520,184798,8,edbfd2cff7a64968a552aac4a51ff57b,2019-09-13_22-43-20,1568439800,37.337114572525024,304.3930313587189,31557,jimmy-desktop,10.142.16.225,304.3930313587189,4587520,8,10,d6d2e6ec,14.218289272574864,2.9526279828575244,0.8327365000769164,4587520,4587520,70,0,5155.485,63.396,nan,nan,3632.549,70,2.86,1.5875767697972907,"[0.0, 0.9000000000000004, 3.0, 5.0, 5.0]"
349.96420020401786,3.993488890159578,56.1440507050685,39.88679015354619,16412,0,655360,False,5242880,201210,9,edbfd2cff7a64968a552aac4a51ff57b,2019-09-13_22-43-59,1568439839,38.69237971305847,343.08541107177734,31557,jimmy-desktop,10.142.16.225,343.08541107177734,5242880,9,10,d6d2e6ec,14.282631939284805,2.9533002106304758,0.8391893565903805,5242880,5242880,80,0,5158.608,75.829,nan,nan,3672.071,80,2.84,1.5666524822052912,"[0.0, 0.9000000000000004, 3.0, 5.0, 5.0]"
368.0641807928585,4.355479371502319,68.42708071313,45.946527826637585,14213,0,655360,False,5898240,215423,10,edbfd2cff7a64968a552aac4a51ff57b,2019-09-13_22-44-36,1568439876,37.57985734939575,380.6652684211731,31557,jimmy-desktop,10.142.16.225,380.6652684211731,5898240,10,10,d6d2e6ec,14.303761676199052,2.9364998051023536,0.8412202160477806,5898240,5898240,90,0,5157.954,62.481,nan,nan,3794.425,90,2.84,1.5409088227406578,"[0.0, 0.9000000000000004, 3.0, 5.0, 5.0]"
364.5510431139702,4.293208002783807,86.16126041472772,55.70847890924585,11735,0,655360,False,6553600,227158,11,edbfd2cff7a64968a552aac4a51ff57b,2019-09-13_22-45-13,1568439913,36.30695819854736,416.97222661972046,31557,jimmy-desktop,10.142.16.225,416.97222661972046,6553600,11,10,d6d2e6ec,14.287582688512783,2.9072291043513854,0.8376391335727978,6553600,6553600,100,0,5155.663,59.259,nan,nan,3696.721,100,2.84,1.5409088227406578,"[0.0, 0.9000000000000004, 3.0, 5.0, 5.0]"
438.3862485528428,4.78349136732047,112.78569489809001,67.8393970893971,9620,0,655360,False,7208960,236778,12,edbfd2cff7a64968a552aac4a51ff57b,2019-09-13_22-45-50,1568439950,36.97167253494263,453.9438991546631,31557,jimmy-desktop,10.142.16.225,453.9438991546631,7208960,12,10,d6d2e6ec,14.297479023450222,2.88454394800439,0.8375422177095342,7208960,7208960,110,0,5153.063,59.691,nan,nan,3573.185,110,2.84,1.5409088227406578,"[0.0, 0.9000000000000004, 3.0, 5.0, 5.0]"
455.5501325865299,3.5049403725980004,142.09731320204244,80.54053053670573,8105,0,655360,False,7864320,244883,13,edbfd2cff7a64968a552aac4a51ff57b,2019-09-13_22-46-27,1568439987,37.426900148391724,491.3707993030548,31557,jimmy-desktop,10.142.16.225,491.3707993030548,7864320,13,10,d6d2e6ec,14.320225976514736,2.866011729440959,0.8390448833348607,7864320,7864320,120,0,5154.585,64.29,nan,nan,3639.401,120,2.84,1.5409088227406578,"[0.0, 0.9000000000000004, 3.0, 5.0, 5.0]"
445.05828735768887,4.87451157794705,170.7475651606534,92.45448129851799,7085,0,655360,False,8519680,251968,14,edbfd2cff7a64968a552aac4a51ff57b,2019-09-13_22-47-03,1568440023,36.306297302246094,527.6770966053009,31557,jimmy-desktop,10.142.16.225,527.6770966053009,8519680,14,10,d6d2e6ec,14.31500963456625,2.8406301050503626,0.8368910447370461,8519680,8519680,130,0,5147.616,61.155,nan,nan,3679.707,130,2.9,1.6031219541881396,"[0.0, 0.9000000000000004, 3.0, 5.0, 6.0]"
493.51200737406464,4.713529057412817,207.8069610871535,107.6864490603363,6066,0,655360,False,9175040,258034,15,edbfd2cff7a64968a552aac4a51ff57b,2019-09-13_22-47-40,1568440060,36.438098192214966,564.1151947975159,31557,jimmy-desktop,10.142.16.225,564.1151947975159,9175040,15,10,d6d2e6ec,14.312699277837597,2.8184875496691317,0.8355005061643573,9175040,9175040,140,0,5147.007,59.423,nan,nan,3571.631,140,2.92,1.6104657711357917,"[0.0, 0.9000000000000004, 3.0, 5.0, 6.0]"
522.3827714264862,4.708310092587924,223.34337732512324,112.92741379310345,5800,0,655360,False,9830400,263834,16,edbfd2cff7a64968a552aac4a51ff57b,2019-09-13_22-48-17,1568440097,36.581223011016846,600.6964178085327,31557,jimmy-desktop,10.142.16.225,600.6964178085327,9830400,16,10,d6d2e6ec,14.315146706544816,2.8001985024834415,0.8346524516266128,9830400,9830400,150,0,5147.903,61.26,nan,nan,3586.469,150,2.92,1.6104657711357917,"[0.0, 0.9000000000000004, 3.0, 5.0, 6.0]"
559.221865211371,4.911248593316251,236.3795984052264,116.79957318157567,5623,0,655360,False,10485760,269457,17,edbfd2cff7a64968a552aac4a51ff57b,2019-09-13_22-48-53,1568440133,36.510634660720825,637.2070524692535,31557,jimmy-desktop,10.142.16.225,637.2070524692535,10485760,17,10,d6d2e6ec,14.315536884754078,2.78320705921533,0.8339245416153338,10485760,10485760,160,0,5149.025,61.276,nan,nan,3598.123,160,2.9,1.6031219541881396,"[0.0, 0.9000000000000004, 3.0, 5.0, 6.0]"
477.771717912846,5.172037798081438,246.2888102321165,119.20461566418317,5503,0,655360,False,11141120,274960,18,edbfd2cff7a64968a552aac4a51ff57b,2019-09-13_22-49-30,1568440170,36.54509091377258,673.7521433830261,31557,jimmy-desktop,10.142.16.225,673.7521433830261,11141120,18,10,d6d2e6ec,14.316257749557472,2.7685191445875583,0.8333052733564147,11141120,11141120,170,0,5146.673,59.855,nan,nan,3591.582,170,2.9,1.6031219541881396,"[0.0, 0.9000000000000004, 3.0, 5.0, 6.0]"
438.1612096544352,5.475293703842921,258.1232777538217,122.72543135783945,5332,0,655360,False,11796480,280292,19,edbfd2cff7a64968a552aac4a51ff57b,2019-09-13_22-50-06,1568440206,36.471269369125366,710.2234127521515,31557,jimmy-desktop,10.142.16.225,710.2234127521515,11796480,19,10,d6d2e6ec,14.317100585603704,2.7535266329460937,0.8324936195985558,11796480,11796480,180,0,5147.791,60.42,nan,nan,3596.296,180,2.88,1.5702229141112418,"[0.0, 0.9000000000000004, 3.0, 5.0, 5.0]"
453.9757696861494,5.78862254037306,260.94954819850363,122.88627819548873,5320,0,655360,False,12451840,285612,20,edbfd2cff7a64968a552aac4a51ff57b,2019-09-13_22-50-43,1568440243,36.65964865684509,746.8830614089966,31557,jimmy-desktop,10.142.16.225,746.8830614089966,12451840,20,10,d6d2e6ec,14.320741174208223,2.7419467855760304,0.8325244893758934,12451840,12451840,190,0,5146.983,62.293,nan,nan,3588.863,190,2.92,1.6228370220080635,"[0.0, 0.9000000000000004, 3.0, 5.0, 6.0]"
435.777024384522,4.917724773439246,264.6749294685211,123.22526750516238,5327,0,655360,False,13107200,290939,21,edbfd2cff7a64968a552aac4a51ff57b,2019-09-13_22-51-20,1568440280,37.261271953582764,784.1443333625793,31557,jimmy-desktop,10.142.16.225,784.1443333625793,13107200,21,10,d6d2e6ec,14.33396682493379,2.733049224489685,0.8337553639426651,13107200,13107200,200,0,5146.938,61.741,nan,nan,3605.525,200,2.9,1.6401219466856725,"[0.0, 0.9000000000000004, 3.0, 5.0, 6.0]"
429.92407634162686,5.836297499424245,271.1707330416583,125.0236641221374,5240,0,655360,False,13762560,296179,22,edbfd2cff7a64968a552aac4a51ff57b,2019-09-13_22-51-57,1568440317,37.1431450843811,821.2874784469604,31557,jimmy-desktop,10.142.16.225,821.2874784469604,13762560,22,10,d6d2e6ec,14.342403796975495,2.725941972391932,0.8343764959931228,13762560,13762560,210,0,5146.641,60.452,nan,nan,3666.36,210,2.92,1.64730082255792,"[0.0, 0.9000000000000004, 3.0, 5.0, 6.0]"
525.5286869784959,6.472134333918742,273.8484214719796,125.3782800229841,5221,0,655360,False,14417920,301400,23,edbfd2cff7a64968a552aac4a51ff57b,2019-09-13_22-52-35,1568440355,37.449655294418335,858.7371337413788,31557,jimmy-desktop,10.142.16.225,858.7371337413788,14417920,23,10,d6d2e6ec,14.355307250418575,2.720776987800955,0.8358506229964342,14417920,14417920,220,0,5149.271,65.334,nan,nan,3655.493,220,2.92,1.64730082255792,"[0.0, 0.9000000000000004, 3.0, 5.0, 6.0]"
434.55979552344036,5.80619195738829,279.44550623704936,126.5816149547119,5189,0,655360,False,15073280,306589,24,edbfd2cff7a64968a552aac4a51ff57b,2019-09-13_22-53-11,1568440391,36.29312586784363,895.0302596092224,31557,jimmy-desktop,10.142.16.225,895.0302596092224,15073280,24,10,d6d2e6ec,14.350888963528401,2.7104993391369137,0.8351286599782687,15073280,15073280,230,0,5149.827,60.038,nan,nan,3681.704,230,2.92,1.64730082255792,"[0.0, 0.9000000000000004, 3.0, 5.0, 6.0]"
422.9205243481051,6.824131832437219,282.9316108228943,127.22773239984441,5142,0,655360,False,15728640,311731,25,edbfd2cff7a64968a552aac4a51ff57b,2019-09-13_22-53-49,1568440429,37.50534200668335,932.5356016159058,31557,jimmy-desktop,10.142.16.225,932.5356016159058,15728640,25,10,d6d2e6ec,14.360804617731631,2.7070494378877035,0.8363504521447529,15728640,15728640,240,0,5158.877,63.149,nan,nan,3571.183,240,2.8,1.5874507866387546,"[0.0, 0.9000000000000004, 3.0, 5.0, 5.0]"
453.5513804961821,5.673728404195105,286.49871602247225,128.07657745653447,5119,0,655360,False,16384000,316850,26,edbfd2cff7a64968a552aac4a51ff57b,2019-09-13_22-54-32,1568440472,43.27916860580444,975.8147702217102,31557,jimmy-desktop,10.142.16.225,975.8147702217102,16384000,26,10,d6d2e6ec,14.451997374263025,2.7199676626675315,0.8486941311240109,16384000,16384000,250,0,5161.392,68.48,nan,nan,3689.789,250,2.82,1.5708596372687154,"[0.0, 0.9000000000000004, 3.0, 5.0, 5.0]"
420.1393678830531,6.551741692603373,291.0794988931185,129.202486678508,5067,0,655360,False,17039360,321917,27,edbfd2cff7a64968a552aac4a51ff57b,2019-09-13_22-55-19,1568440519,46.95458364486694,1022.7693538665771,31557,jimmy-desktop,10.142.16.225,1022.7693538665771,17039360,27,10,d6d2e6ec,14.58495685436381,2.7390017379932092,0.8668078782146095,17039360,17039360,260,0,5170.47,85.943,nan,nan,4259.304,260,2.82,1.5708596372687154,"[0.0, 0.9000000000000004, 3.0, 5.0, 5.0]"
419.66586342995856,7.986562129312098,293.4151392983831,129.84581933188377,5059,0,655360,False,17694720,326976,28,edbfd2cff7a64968a552aac4a51ff57b,2019-09-13_22-56-07,1568440567,48.08880829811096,1070.858162164688,31557,jimmy-desktop,10.142.16.225,1070.858162164688,17694720,28,10,d6d2e6ec,14.724796830244115,2.7583264531117893,0.8858225074801878,17694720,17694720,270,0,5181.622,94.799,nan,nan,4608.706,270,2.78,1.5657586020839867,"[0.0, 0.9000000000000004, 3.0, 5.0, 5.0]"
407.6480224136902,8.034778486243361,298.37150625180755,131.04499100179964,5001,0,655360,False,18350080,331977,29,edbfd2cff7a64968a552aac4a51ff57b,2019-09-13_22-56-54,1568440614,46.80890870094299,1117.667070865631,31557,jimmy-desktop,10.142.16.225,1117.667070865631,18350080,29,10,d6d2e6ec,14.839272794436702,2.7752190308796454,0.9008834683350565,18350080,18350080,280,0,5195.954,86.86,nan,nan,4712.439,280,2.8,1.6,"[0.0, 0.9000000000000004, 3.0, 5.0, 6.0]"
398.686152380616,5.9945795433012234,298.1070399050309,130.88496105452367,5007,0,655360,False,19005440,336984,30,edbfd2cff7a64968a552aac4a51ff57b,2019-09-13_22-57-41,1568440661,46.7660973072052,1164.4331681728363,31557,jimmy-desktop,10.142.16.225,1164.4331681728363,19005440,30,10,d6d2e6ec,14.946395285773828,2.789882158148157,0.9152407950217916,19005440,19005440,290,0,5199.367,85.471,nan,nan,4592.008,290,2.86,1.5875767697972907,"[0.0, 0.9000000000000004, 3.0, 5.0, 6.0]"
392.2839343533962,6.028081036138141,302.65685720253333,131.41048824593128,4977,0,655360,False,19660800,341961,31,edbfd2cff7a64968a552aac4a51ff57b,2019-09-13_22-58-28,1568440708,46.807092905044556,1211.2402610778809,31557,jimmy-desktop,10.142.16.225,1211.2402610778809,19660800,31,10,d6d2e6ec,15.045854927739246,2.8041367619338367,0.9288018637706187,19660800,19660800,300,0,5209.512,89.933,nan,nan,4589.02,300,2.82,1.5961202962183019,"[0.0, 0.9000000000000004, 3.0, 5.0, 6.0]"
414.1059563522449,6.3161436724881375,301.7901735555966,131.9857027788965,4966,0,655360,False,20316160,346927,32,edbfd2cff7a64968a552aac4a51ff57b,2019-09-13_22-59-14,1568440754,46.84361171722412,1258.083872795105,31557,jimmy-desktop,10.142.16.225,1258.083872795105,20316160,32,10,d6d2e6ec,15.139688530107131,2.8170993798481905,0.9414454998477335,20316160,20316160,310,0,5208.808,84.853,nan,nan,4589.229,310,2.76,1.59449051423958,"[0.0, 0.9000000000000004, 3.0, 5.0, 6.0]"
430.066468126105,6.02549843270817,304.413783504188,131.20984196839368,4999,0,655360,False,20971520,351926,33,edbfd2cff7a64968a552aac4a51ff57b,2019-09-13_23-00-02,1568440802,47.07540583610535,1305.1592786312103,31557,jimmy-desktop,10.142.16.225,1305.1592786312103,20971520,33,10,d6d2e6ec,15.229399055798568,2.829747753594589,0.9536843463142487,20971520,20971520,320,0,5213.957,85.096,nan,nan,4598.371,320,2.72,1.5497096502248413,"[0.0, 0.9000000000000004, 3.0, 5.0, 6.0]"
417.2973156124357,7.68601185586201,302.8002160810387,132.1549494949495,4950,0,655360,False,21626880,356876,34,edbfd2cff7a64968a552aac4a51ff57b,2019-09-13_23-00-49,1568440849,47.01229691505432,1352.1715755462646,31557,jimmy-desktop,10.142.16.225,1352.1715755462646,21626880,34,10,d6d2e6ec,15.312688423432563,2.841708218244626,0.9651844756492096,21626880,21626880,330,0,5214.363,83.001,nan,nan,4621.329,330,2.62,1.4817557153593166,"[0.0, 0.9000000000000004, 3.0, 4.100000000000001, 5.0]"
445.06518125802495,6.680711098508038,302.75815919535006,129.96732673267326,5050,0,655360,False,22282240,361926,35,edbfd2cff7a64968a552aac4a51ff57b,2019-09-13_23-01-36,1568440896,46.87344789505005,1399.0450234413147,31557,jimmy-desktop,10.142.16.225,1399.0450234413147,22282240,35,10,d6d2e6ec,15.39070229566888,2.852331393223732,0.9754288232977992,22282240,22282240,340,0,5226.312,89.797,nan,nan,4617.535,340,2.54,1.5127458477880547,"[0.0, 0.0, 3.0, 4.100000000000001, 5.0]"
470.0213237040822,6.617844596037041,301.56536776679593,131.3109951845907,4984,0,655360,False,22937600,366910,36,edbfd2cff7a64968a552aac4a51ff57b,2019-09-13_23-02-23,1568440943,47.001763343811035,1446.0467867851257,31557,jimmy-desktop,10.142.16.225,1446.0467867851257,22937600,36,10,d6d2e6ec,15.465071786707632,2.8626366243702472,0.9855002376100784,22937600,22937600,350,0,5227.776,88.829,nan,nan,4595.982,350,2.58,1.5111584959890874,"[0.0, 0.0, 3.0, 4.100000000000001, 5.0]"
486.4928698746028,6.757809059382953,300.2832065974234,129.12374581939798,5083,0,655360,False,23592960,371993,37,edbfd2cff7a64968a552aac4a51ff57b,2019-09-13_23-03-09,1568440989,46.90917944908142,1492.9559662342072,31557,jimmy-desktop,10.142.16.225,1492.9559662342072,23592960,37,10,d6d2e6ec,15.535382115789824,2.872779399177603,0.9951489319427693,23592960,23592960,360,0,5235.498,79.647,nan,nan,4610.534,360,2.52,1.459314907756376,"[0.0, 0.0, 3.0, 4.0, 5.0]"
400.2103958774599,6.085808327124501,302.37042691257113,130.72759928158052,5011,0,655360,False,24248320,377004,38,edbfd2cff7a64968a552aac4a51ff57b,2019-09-13_23-03-52,1568441032,42.216508626937866,1535.172474861145,31557,jimmy-desktop,10.142.16.225,1535.172474861145,24248320,38,10,d6d2e6ec,15.558123040003016,2.8730171451554716,0.9984104136762151,24248320,24248320,370,0,5226.061,90.847,nan,nan,4609.172,370,2.7,1.6522711641858305,"[0.0, 0.0, 3.0, 5.0, 6.0]"
467.8083092737941,6.188207845256101,302.56337701144236,130.24368912741005,5031,0,655360,False,24903680,382035,39,edbfd2cff7a64968a552aac4a51ff57b,2019-09-13_23-04-29,1568441069,37.50731134414673,1572.6797862052917,31557,jimmy-desktop,10.142.16.225,1572.6797862052917,24903680,39,10,d6d2e6ec,15.53270649163982,2.8672991996015407,0.9952818680889718,24903680,24903680,380,0,5213.068,66.133,nan,nan,4131.75,380,2.8,1.7435595774162695,"[0.0, 0.0, 3.0, 5.0, 6.0]"
500.42510336901967,5.898530957156458,303.7169217985007,130.1341802302501,5038,0,655360,False,25559040,387073,40,edbfd2cff7a64968a552aac4a51ff57b,2019-09-13_23-05-11,1568441111,42.107407093048096,1614.7871932983398,31557,jimmy-desktop,10.142.16.225,1614.7871932983398,25559040,40,10,d6d2e6ec,15.551672416082326,2.869209046273152,0.9981503569825406,25559040,25559040,390,0,5198.356,77.996,nan,nan,3683.43,390,2.88,1.716275036233995,"[0.0, 0.9000000000000004, 3.0, 5.0, 6.0]"
512.9725297854158,6.059827837132046,302.82754071025255,130.01213447384126,5027,0,655360,False,26214400,392100,41,edbfd2cff7a64968a552aac4a51ff57b,2019-09-13_23-05-53,1568441153,42.01411986351013,1656.80131316185,31557,jimmy-desktop,10.142.16.225,1656.80131316185,26214400,41,10,d6d2e6ec,15.568661858927758,2.8708231329203366,1.0006670776998825,26214400,26214400,400,0,5193.96,78.869,nan,nan,4132.034,400,2.88,1.716275036233995,"[0.0, 0.9000000000000004, 3.0, 5.0, 6.0]"
420.23984341972084,6.669176741241994,304.52471940065675,130.23635284810126,5056,0,655360,False,26869760,397156,42,edbfd2cff7a64968a552aac4a51ff57b,2019-09-13_23-06-35,1568441195,42.091331481933594,1698.8926446437836,31557,jimmy-desktop,10.142.16.225,1698.8926446437836,26869760,42,10,d6d2e6ec,15.584757627890246,2.8723294582010768,1.0032854575943229,26869760,26869760,410,0,5187.521,80.044,nan,nan,4121.005,410,2.98,1.7605680901345453,"[0.0, 0.9000000000000004, 3.0, 5.0, 6.0]"
409.58297750782543,6.684112117855654,306.74137214880653,131.1704477012648,4981,0,655360,False,27525120,402137,43,edbfd2cff7a64968a552aac4a51ff57b,2019-09-13_23-07-18,1568441238,42.156046867370605,1741.0486915111542,31557,jimmy-desktop,10.142.16.225,1741.0486915111542,27525120,43,10,d6d2e6ec,15.600872644580498,2.8737005592293854,1.0059655286490163,27525120,27525120,420,0,5187.556,81.936,nan,nan,4126.953,420,2.86,1.6734395716607158,"[0.0, 0.9000000000000004, 3.0, 5.0, 6.0]"
406.74621305053995,5.571258931152801,306.6896047848466,130.61066878980893,5024,0,655360,False,28180480,407161,44,edbfd2cff7a64968a552aac4a51ff57b,2019-09-13_23-08-00,1568441280,42.156047105789185,1783.2047386169434,31557,jimmy-desktop,10.142.16.225,1783.2047386169434,28180480,44,10,d6d2e6ec,15.616562558079657,2.8755617028889824,1.0085792548844787,28180480,28180480,430,0,5193.147,77.5,nan,nan,4133.086,430,2.86,1.637192719260625,"[0.0, 0.9000000000000004, 3.0, 5.0, 6.0]"
427.1690347477556,7.413113496663813,307.17045470220097,130.8546325878594,5008,0,655360,False,28835840,412169,45,edbfd2cff7a64968a552aac4a51ff57b,2019-09-13_23-08-42,1568441322,42.09627604484558,1825.301014661789,31557,jimmy-desktop,10.142.16.225,1825.301014661789,28835840,45,10,d6d2e6ec,15.630558573346184,2.877099620392,1.0107652887589647,28835840,28835840,440,0,5194.236,78.375,nan,nan,4136.15,440,2.86,1.637192719260625,"[0.0, 0.9000000000000004, 3.0, 5.0, 6.0]"
494.88941512435525,5.3610955629633805,309.0560925445524,130.90869130869132,5005,0,655360,False,29491200,417174,46,edbfd2cff7a64968a552aac4a51ff57b,2019-09-13_23-09-24,1568441364,42.12652778625488,1867.4275424480438,31557,jimmy-desktop,10.142.16.225,1867.4275424480438,29491200,46,10,d6d2e6ec,15.644714210771568,2.878215052330906,1.0130833977919487,29491200,29491200,450,0,5191.819,76.988,nan,nan,4129.819,450,2.84,1.6292329483533041,"[0.0, 0.9000000000000004, 3.0, 5.0, 6.0]"
413.23881175303325,7.41800612878203,309.2132854700121,130.78274760383385,5008,0,655360,False,30146560,422182,47,edbfd2cff7a64968a552aac4a51ff57b,2019-09-13_23-10-06,1568441406,42.140801191329956,1909.5683436393738,31557,jimmy-desktop,10.142.16.225,1909.5683436393738,30146560,47,10,d6d2e6ec,15.657647129128916,2.8794426039065804,1.0155255870767408,30146560,30146560,460,0,5192.041,79.361,nan,nan,4134.704,460,2.86,1.6125755796240993,"[0.0, 0.9000000000000004, 3.0, 5.0, 6.0]"
470.1231039543916,5.801493866167819,309.6561074239334,130.6416035101715,5014,0,655360,False,30801920,427196,48,edbfd2cff7a64968a552aac4a51ff57b,2019-09-13_23-10-48,1568441448,42.08497667312622,1951.6533203125,31557,jimmy-desktop,10.142.16.225,1951.6533203125,30801920,48,10,d6d2e6ec,15.669964823941424,2.880660482032642,1.017578870301794,30801920,30801920,470,0,5193.165,80.248,nan,nan,4133.495,470,2.86,1.6125755796240993,"[0.0, 0.9000000000000004, 3.0, 5.0, 6.0]"
405.75368695149325,6.7481234836201125,311.1218777048646,130.78690807799444,5026,0,655360,False,31457280,432222,49,edbfd2cff7a64968a552aac4a51ff57b,2019-09-13_23-11-30,1568441490,42.122645139694214,1993.7759654521942,31557,jimmy-desktop,10.142.16.225,1993.7759654521942,31457280,49,10,d6d2e6ec,15.682232113449484,2.8820196639115325,1.0198611088481597,31457280,31457280,480,0,5193.846,79.579,nan,nan,4126.561,480,2.84,1.5793669617919708,"[0.0, 0.9000000000000004, 3.0, 5.0, 5.0]"
420.6667473475628,7.466664046712216,313.6076182156696,131.37081579474844,4989,0,655360,False,32112640,437211,50,edbfd2cff7a64968a552aac4a51ff57b,2019-09-13_23-12-13,1568441533,42.072335958480835,2035.848301410675,31557,jimmy-desktop,10.142.16.225,2035.848301410675,32112640,50,10,d6d2e6ec,15.693751535685664,2.8830485993467803,1.0218691188462659,32112640,32112640,490,0,5193.412,79.21,nan,nan,4131.123,490,2.88,1.6079800993793425,"[0.0, 0.9000000000000004, 3.0, 5.0, 5.0]"
389.9391118840252,6.212936442203794,312.633405847071,130.80747700919633,5002,0,655360,False,32768000,442213,51,edbfd2cff7a64968a552aac4a51ff57b,2019-09-13_23-12-55,1568441575,42.328816652297974,2078.177118062973,31557,jimmy-desktop,10.142.16.225,2078.177118062973,32768000,51,10,d6d2e6ec,15.70616422473483,2.8841190383344486,1.0238410288184179,32768000,32768000,500,0,5194.03,77.351,nan,nan,4126.602,500,2.88,1.6326665305566843,"[0.0, 0.9000000000000004, 3.0, 5.0, 5.0]"
439.9386818997533,8.248783035276944,314.1550097203949,130.9826312637253,5009,0,655360,False,33423360,447222,52,edbfd2cff7a64968a552aac4a51ff57b,2019-09-13_23-13-36,1568441616,41.056703090667725,2119.2338211536407,31557,jimmy-desktop,10.142.16.225,2119.2338211536407,33423360,52,10,d6d2e6ec,15.70918008346509,2.8840450014375825,1.024998535710218,33423360,33423360,510,0,5193.897,83.324,nan,nan,4154.262,510,2.88,1.6326665305566843,"[0.0, 0.9000000000000004, 3.0, 5.0, 5.0]"
438.7348989300168,8.623303922666553,314.6347518177965,131.2775436484046,4983,0,655360,False,34078720,452205,53,edbfd2cff7a64968a552aac4a51ff57b,2019-09-13_23-14-18,1568441658,42.426011085510254,2161.659832239151,31557,jimmy-desktop,10.142.16.225,2161.659832239151,34078720,53,10,d6d2e6ec,15.721473705046828,2.885122192081448,1.0271390240286609,34078720,34078720,520,0,5194.187,83.627,nan,nan,4021.029,520,2.9,1.6155494421403511,"[0.0, 0.9000000000000004, 3.0, 5.0, 5.0]"
428.0986459527696,5.183365844455359,316.06982938632143,131.87864761521433,4969,0,655360,False,34734080,457174,54,edbfd2cff7a64968a552aac4a51ff57b,2019-09-13_23-15-00,1568441700,41.304474115371704,2202.9643063545227,31557,jimmy-desktop,10.142.16.225,2202.9643063545227,34734080,54,10,d6d2e6ec,15.726333321555186,2.885332255266705,1.0282379056285724,34734080,34734080,530,0,5192.099,79.021,nan,nan,4157.233,530,2.96,1.6728418933061187,"[0.0, 0.9000000000000004, 3.0, 5.0, 6.0]"
394.88666462797414,6.8685664645983335,314.9289149784901,130.8769445552453,5014,0,655360,False,35389440,462188,55,edbfd2cff7a64968a552aac4a51ff57b,2019-09-13_23-15-41,1568441741,40.99498438835144,2243.959290742874,31557,jimmy-desktop,10.142.16.225,2243.959290742874,35389440,55,10,d6d2e6ec,15.728150222220325,2.885091847967649,1.029258441910693,35389440,35389440,540,0,5192.018,77.235,nan,nan,4050.299,540,2.94,1.6542067585401772,"[0.0, 0.9000000000000004, 3.0, 5.0, 6.0]"
455.4060729334164,8.127242479115447,315.9069328728876,131.0778,5000,0,655360,False,36044800,467188,56,edbfd2cff7a64968a552aac4a51ff57b,2019-09-13_23-16-22,1568441782,41.69139051437378,2285.650681257248,31557,jimmy-desktop,10.142.16.225,2285.650681257248,36044800,56,10,d6d2e6ec,15.734749950890011,2.885899249259373,1.0304671067854507,36044800,36044800,550,0,5191.9,71.749,nan,nan,4021.292,550,2.96,1.6365818036383026,"[0.0, 0.9000000000000004, 3.0, 5.0, 6.0]"
421.02441589565046,7.5195172171713995,316.5940810439913,131.12585170340682,4990,0,655360,False,36700160,472178,57,edbfd2cff7a64968a552aac4a51ff57b,2019-09-13_23-17-04,1568441824,41.014583587646484,2326.6652648448944,31557,jimmy-desktop,10.142.16.225,2326.6652648448944,36700160,57,10,d6d2e6ec,15.73659474153157,2.885716444873054,1.0311748418991062,36700160,36700160,560,0,5185.778,67.546,nan,nan,4096.842,560,2.96,1.6365818036383026,"[0.0, 0.9000000000000004, 3.0, 5.0, 6.0]"
466.2340809568921,6.518405397252054,317.71766592160685,130.9822284345048,5008,0,655360,False,37355520,477186,58,edbfd2cff7a64968a552aac4a51ff57b,2019-09-13_23-17-45,1568441865,41.52993988990784,2368.1952047348022,31557,jimmy-desktop,10.142.16.225,2368.1952047348022,37355520,58,10,d6d2e6ec,15.742302712012288,2.885799873239371,1.0325354108812936,37355520,37355520,570,0,5182.165,80.894,nan,nan,4032.51,570,2.96,1.6365818036383026,"[0.0, 0.9000000000000004, 3.0, 5.0, 6.0]"
491.1730725358999,7.409532426366953,319.2936429371087,131.63232931726907,4980,0,655360,False,38010880,482166,59,edbfd2cff7a64968a552aac4a51ff57b,2019-09-13_23-18-26,1568441906,40.90033721923828,2409.0955419540405,31557,jimmy-desktop,10.142.16.225,2409.0955419540405,38010880,59,10,d6d2e6ec,15.743519133157639,2.885299048064177,1.0331033483338765,38010880,38010880,580,0,5180.549,77.88,nan,nan,4070.986,580,2.9,1.57797338380595,"[0.0, 0.9000000000000004, 3.0, 5.0, 5.0]"
413.3128168538476,8.825769436906864,319.36020808146054,131.1935677187375,5006,0,655360,False,38666240,487172,60,edbfd2cff7a64968a552aac4a51ff57b,2019-09-13_23-19-07,1568441947,41.45825219154358,2450.553794145584,31557,jimmy-desktop,10.142.16.225,2450.553794145584,38666240,60,10,d6d2e6ec,15.747989202035049,2.885749022857248,1.0342123111153518,38666240,38666240,590,0,5178.018,83.816,nan,nan,4010.672,590,2.96,1.6365818036383026,"[0.0, 0.9000000000000004, 3.0, 5.0, 6.0]"
